log_id,file_path,platform,error_category,build_number,timestamp
gitlab-ci_test_failure_530,/Users/mac/projects/Thesis/ai-logguard/data/synthetic_logs/logs/gitlab-ci_test_failure_530.txt,gitlab-ci,test_failure,530,2025-10-30T21:44:30.851205
jenkins_timeout_569,/Users/mac/projects/Thesis/ai-logguard/data/synthetic_logs/logs/jenkins_timeout_569.txt,jenkins,timeout,569,2025-10-30T21:44:30.852056
jenkins_test_failure_274,/Users/mac/projects/Thesis/ai-logguard/data/synthetic_logs/logs/jenkins_test_failure_274.txt,jenkins,test_failure,274,2025-10-30T21:44:30.851716
jenkins_environment_error_317,/Users/mac/projects/Thesis/ai-logguard/data/synthetic_logs/logs/jenkins_environment_error_317.txt,jenkins,environment_error,317,2025-10-30T21:44:30.852339
jenkins_test_failure_355,/Users/mac/projects/Thesis/ai-logguard/data/synthetic_logs/logs/jenkins_test_failure_355.txt,jenkins,test_failure,355,2025-10-30T21:44:30.851560
github-actions_network_error_827,/Users/mac/projects/Thesis/ai-logguard/data/synthetic_logs/logs/github-actions_network_error_827.txt,github-actions,network_error,827,2025-10-30T21:44:30.852489
gitlab-ci_test_failure_207,/Users/mac/projects/Thesis/ai-logguard/data/synthetic_logs/logs/gitlab-ci_test_failure_207.txt,gitlab-ci,test_failure,207,2025-10-30T21:44:30.851404
github-actions_syntax_error_213,/Users/mac/projects/Thesis/ai-logguard/data/synthetic_logs/logs/github-actions_syntax_error_213.txt,github-actions,syntax_error,213,2025-10-30T21:44:30.850574
jenkins_dependency_error_395,/Users/mac/projects/Thesis/ai-logguard/data/synthetic_logs/logs/jenkins_dependency_error_395.txt,jenkins,dependency_error,395,2025-10-30T21:44:30.849928
gitlab-ci_dependency_error_235,/Users/mac/projects/Thesis/ai-logguard/data/synthetic_logs/logs/gitlab-ci_dependency_error_235.txt,gitlab-ci,dependency_error,235,2025-10-30T21:44:30.849729
github-actions_environment_error_716,/Users/mac/projects/Thesis/ai-logguard/data/synthetic_logs/logs/github-actions_environment_error_716.txt,github-actions,environment_error,716,2025-10-30T21:44:30.852330
github-actions_dependency_error_631,/Users/mac/projects/Thesis/ai-logguard/data/synthetic_logs/logs/github-actions_dependency_error_631.txt,github-actions,dependency_error,631,2025-10-30T21:44:30.850123
gitlab-ci_network_error_543,/Users/mac/projects/Thesis/ai-logguard/data/synthetic_logs/logs/gitlab-ci_network_error_543.txt,gitlab-ci,network_error,543,2025-10-30T21:44:30.852437
jenkins_timeout_48,/Users/mac/projects/Thesis/ai-logguard/data/synthetic_logs/logs/jenkins_timeout_48.txt,jenkins,timeout,48,2025-10-30T21:44:30.851757
github-actions_dependency_error_250,/Users/mac/projects/Thesis/ai-logguard/data/synthetic_logs/logs/github-actions_dependency_error_250.txt,github-actions,dependency_error,250,2025-10-30T21:44:30.850135
gitlab-ci_syntax_error_48,/Users/mac/projects/Thesis/ai-logguard/data/synthetic_logs/logs/gitlab-ci_syntax_error_48.txt,gitlab-ci,syntax_error,48,2025-10-30T21:44:30.850432
gitlab-ci_syntax_error_673,/Users/mac/projects/Thesis/ai-logguard/data/synthetic_logs/logs/gitlab-ci_syntax_error_673.txt,gitlab-ci,syntax_error,673,2025-10-30T21:44:30.850667
gitlab-ci_dependency_error_720,/Users/mac/projects/Thesis/ai-logguard/data/synthetic_logs/logs/gitlab-ci_dependency_error_720.txt,gitlab-ci,dependency_error,720,2025-10-30T21:44:30.850257
jenkins_timeout_758,/Users/mac/projects/Thesis/ai-logguard/data/synthetic_logs/logs/jenkins_timeout_758.txt,jenkins,timeout,758,2025-10-30T21:44:30.851810
github-actions_timeout_357,/Users/mac/projects/Thesis/ai-logguard/data/synthetic_logs/logs/github-actions_timeout_357.txt,github-actions,timeout,357,2025-10-30T21:44:30.852032
gitlab-ci_timeout_30,/Users/mac/projects/Thesis/ai-logguard/data/synthetic_logs/logs/gitlab-ci_timeout_30.txt,gitlab-ci,timeout,30,2025-10-30T21:44:30.852004
github-actions_environment_error_346,/Users/mac/projects/Thesis/ai-logguard/data/synthetic_logs/logs/github-actions_environment_error_346.txt,github-actions,environment_error,346,2025-10-30T21:44:30.852179
gitlab-ci_test_failure_157,/Users/mac/projects/Thesis/ai-logguard/data/synthetic_logs/logs/gitlab-ci_test_failure_157.txt,gitlab-ci,test_failure,157,2025-10-30T21:44:30.851494
jenkins_environment_error_657,/Users/mac/projects/Thesis/ai-logguard/data/synthetic_logs/logs/jenkins_environment_error_657.txt,jenkins,environment_error,657,2025-10-30T21:44:30.852239
github-actions_syntax_error_630,/Users/mac/projects/Thesis/ai-logguard/data/synthetic_logs/logs/github-actions_syntax_error_630.txt,github-actions,syntax_error,630,2025-10-30T21:44:30.850875
gitlab-ci_test_failure_231,/Users/mac/projects/Thesis/ai-logguard/data/synthetic_logs/logs/gitlab-ci_test_failure_231.txt,gitlab-ci,test_failure,231,2025-10-30T21:44:30.851382
github-actions_syntax_error_425,/Users/mac/projects/Thesis/ai-logguard/data/synthetic_logs/logs/github-actions_syntax_error_425.txt,github-actions,syntax_error,425,2025-10-30T21:44:30.850994
jenkins_syntax_error_610,/Users/mac/projects/Thesis/ai-logguard/data/synthetic_logs/logs/jenkins_syntax_error_610.txt,jenkins,syntax_error,610,2025-10-30T21:44:30.850917
gitlab-ci_network_error_268,/Users/mac/projects/Thesis/ai-logguard/data/synthetic_logs/logs/gitlab-ci_network_error_268.txt,gitlab-ci,network_error,268,2025-10-30T21:44:30.852463
github-actions_dependency_error_76,/Users/mac/projects/Thesis/ai-logguard/data/synthetic_logs/logs/github-actions_dependency_error_76.txt,github-actions,dependency_error,76,2025-10-30T21:44:30.850218
gitlab-ci_timeout_321,/Users/mac/projects/Thesis/ai-logguard/data/synthetic_logs/logs/gitlab-ci_timeout_321.txt,gitlab-ci,timeout,321,2025-10-30T21:44:30.852040
gitlab-ci_syntax_error_992,/Users/mac/projects/Thesis/ai-logguard/data/synthetic_logs/logs/gitlab-ci_syntax_error_992.txt,gitlab-ci,syntax_error,992,2025-10-30T21:44:30.850564
github-actions_permission_error_750,/Users/mac/projects/Thesis/ai-logguard/data/synthetic_logs/logs/github-actions_permission_error_750.txt,github-actions,permission_error,750,2025-10-30T21:44:30.852641
jenkins_test_failure_775,/Users/mac/projects/Thesis/ai-logguard/data/synthetic_logs/logs/jenkins_test_failure_775.txt,jenkins,test_failure,775,2025-10-30T21:44:30.851427
jenkins_syntax_error_15,/Users/mac/projects/Thesis/ai-logguard/data/synthetic_logs/logs/jenkins_syntax_error_15.txt,jenkins,syntax_error,15,2025-10-30T21:44:30.850514
jenkins_syntax_error_589,/Users/mac/projects/Thesis/ai-logguard/data/synthetic_logs/logs/jenkins_syntax_error_589.txt,jenkins,syntax_error,589,2025-10-30T21:44:30.851037
github-actions_timeout_953,/Users/mac/projects/Thesis/ai-logguard/data/synthetic_logs/logs/github-actions_timeout_953.txt,github-actions,timeout,953,2025-10-30T21:44:30.851986
jenkins_dependency_error_760,/Users/mac/projects/Thesis/ai-logguard/data/synthetic_logs/logs/jenkins_dependency_error_760.txt,jenkins,dependency_error,760,2025-10-30T21:44:30.849863
jenkins_dependency_error_225,/Users/mac/projects/Thesis/ai-logguard/data/synthetic_logs/logs/jenkins_dependency_error_225.txt,jenkins,dependency_error,225,2025-10-30T21:44:30.849641
jenkins_permission_error_134,/Users/mac/projects/Thesis/ai-logguard/data/synthetic_logs/logs/jenkins_permission_error_134.txt,jenkins,permission_error,134,2025-10-30T21:44:30.852518
gitlab-ci_network_error_653,/Users/mac/projects/Thesis/ai-logguard/data/synthetic_logs/logs/gitlab-ci_network_error_653.txt,gitlab-ci,network_error,653,2025-10-30T21:44:30.852454
gitlab-ci_syntax_error_26,/Users/mac/projects/Thesis/ai-logguard/data/synthetic_logs/logs/gitlab-ci_syntax_error_26.txt,gitlab-ci,syntax_error,26,2025-10-30T21:44:30.850524
github-actions_timeout_809,/Users/mac/projects/Thesis/ai-logguard/data/synthetic_logs/logs/github-actions_timeout_809.txt,github-actions,timeout,809,2025-10-30T21:44:30.851917
github-actions_syntax_error_588,/Users/mac/projects/Thesis/ai-logguard/data/synthetic_logs/logs/github-actions_syntax_error_588.txt,github-actions,syntax_error,588,2025-10-30T21:44:30.850785
github-actions_timeout_887,/Users/mac/projects/Thesis/ai-logguard/data/synthetic_logs/logs/github-actions_timeout_887.txt,github-actions,timeout,887,2025-10-30T21:44:30.852110
jenkins_environment_error_41,/Users/mac/projects/Thesis/ai-logguard/data/synthetic_logs/logs/jenkins_environment_error_41.txt,jenkins,environment_error,41,2025-10-30T21:44:30.852304
jenkins_timeout_283,/Users/mac/projects/Thesis/ai-logguard/data/synthetic_logs/logs/jenkins_timeout_283.txt,jenkins,timeout,283,2025-10-30T21:44:30.851853
gitlab-ci_syntax_error_186,/Users/mac/projects/Thesis/ai-logguard/data/synthetic_logs/logs/gitlab-ci_syntax_error_186.txt,gitlab-ci,syntax_error,186,2025-10-30T21:44:30.850949
gitlab-ci_dependency_error_254,/Users/mac/projects/Thesis/ai-logguard/data/synthetic_logs/logs/gitlab-ci_dependency_error_254.txt,gitlab-ci,dependency_error,254,2025-10-30T21:44:30.849720
gitlab-ci_network_error_476,/Users/mac/projects/Thesis/ai-logguard/data/synthetic_logs/logs/gitlab-ci_network_error_476.txt,gitlab-ci,network_error,476,2025-10-30T21:44:30.852419
gitlab-ci_environment_error_719,/Users/mac/projects/Thesis/ai-logguard/data/synthetic_logs/logs/gitlab-ci_environment_error_719.txt,gitlab-ci,environment_error,719,2025-10-30T21:44:30.852313
jenkins_dependency_error_676,/Users/mac/projects/Thesis/ai-logguard/data/synthetic_logs/logs/jenkins_dependency_error_676.txt,jenkins,dependency_error,676,2025-10-30T21:44:30.849906
jenkins_timeout_791,/Users/mac/projects/Thesis/ai-logguard/data/synthetic_logs/logs/jenkins_timeout_791.txt,jenkins,timeout,791,2025-10-30T21:44:30.851802
github-actions_dependency_error_249,/Users/mac/projects/Thesis/ai-logguard/data/synthetic_logs/logs/github-actions_dependency_error_249.txt,github-actions,dependency_error,249,2025-10-30T21:44:30.849741
gitlab-ci_dependency_error_292,/Users/mac/projects/Thesis/ai-logguard/data/synthetic_logs/logs/gitlab-ci_dependency_error_292.txt,gitlab-ci,dependency_error,292,2025-10-30T21:44:30.849834
jenkins_dependency_error_217,/Users/mac/projects/Thesis/ai-logguard/data/synthetic_logs/logs/jenkins_dependency_error_217.txt,jenkins,dependency_error,217,2025-10-30T21:44:30.850061
github-actions_network_error_652,/Users/mac/projects/Thesis/ai-logguard/data/synthetic_logs/logs/github-actions_network_error_652.txt,github-actions,network_error,652,2025-10-30T21:44:30.852429
github-actions_network_error_549,/Users/mac/projects/Thesis/ai-logguard/data/synthetic_logs/logs/github-actions_network_error_549.txt,github-actions,network_error,549,2025-10-30T21:44:30.852481
gitlab-ci_test_failure_378,/Users/mac/projects/Thesis/ai-logguard/data/synthetic_logs/logs/gitlab-ci_test_failure_378.txt,gitlab-ci,test_failure,378,2025-10-30T21:44:30.851338
jenkins_syntax_error_430,/Users/mac/projects/Thesis/ai-logguard/data/synthetic_logs/logs/jenkins_syntax_error_430.txt,jenkins,syntax_error,430,2025-10-30T21:44:30.850544
jenkins_environment_error_10,/Users/mac/projects/Thesis/ai-logguard/data/synthetic_logs/logs/jenkins_environment_error_10.txt,jenkins,environment_error,10,2025-10-30T21:44:30.852222
jenkins_permission_error_998,/Users/mac/projects/Thesis/ai-logguard/data/synthetic_logs/logs/jenkins_permission_error_998.txt,jenkins,permission_error,998,2025-10-30T21:44:30.852587
jenkins_timeout_985,/Users/mac/projects/Thesis/ai-logguard/data/synthetic_logs/logs/jenkins_timeout_985.txt,jenkins,timeout,985,2025-10-30T21:44:30.851766
jenkins_test_failure_885,/Users/mac/projects/Thesis/ai-logguard/data/synthetic_logs/logs/jenkins_test_failure_885.txt,jenkins,test_failure,885,2025-10-30T21:44:30.851270
github-actions_syntax_error_703,/Users/mac/projects/Thesis/ai-logguard/data/synthetic_logs/logs/github-actions_syntax_error_703.txt,github-actions,syntax_error,703,2025-10-30T21:44:30.850617
gitlab-ci_syntax_error_721,/Users/mac/projects/Thesis/ai-logguard/data/synthetic_logs/logs/gitlab-ci_syntax_error_721.txt,gitlab-ci,syntax_error,721,2025-10-30T21:44:30.850739
gitlab-ci_dependency_error_689,/Users/mac/projects/Thesis/ai-logguard/data/synthetic_logs/logs/gitlab-ci_dependency_error_689.txt,gitlab-ci,dependency_error,689,2025-10-30T21:44:30.849970
github-actions_test_failure_68,/Users/mac/projects/Thesis/ai-logguard/data/synthetic_logs/logs/github-actions_test_failure_68.txt,github-actions,test_failure,68,2025-10-30T21:44:30.851193
github-actions_test_failure_141,/Users/mac/projects/Thesis/ai-logguard/data/synthetic_logs/logs/github-actions_test_failure_141.txt,github-actions,test_failure,141,2025-10-30T21:44:30.851147
gitlab-ci_syntax_error_47,/Users/mac/projects/Thesis/ai-logguard/data/synthetic_logs/logs/gitlab-ci_syntax_error_47.txt,gitlab-ci,syntax_error,47,2025-10-30T21:44:30.850534
github-actions_permission_error_842,/Users/mac/projects/Thesis/ai-logguard/data/synthetic_logs/logs/github-actions_permission_error_842.txt,github-actions,permission_error,842,2025-10-30T21:44:30.852536
gitlab-ci_dependency_error_222,/Users/mac/projects/Thesis/ai-logguard/data/synthetic_logs/logs/gitlab-ci_dependency_error_222.txt,gitlab-ci,dependency_error,222,2025-10-30T21:44:30.850185
gitlab-ci_environment_error_509,/Users/mac/projects/Thesis/ai-logguard/data/synthetic_logs/logs/gitlab-ci_environment_error_509.txt,gitlab-ci,environment_error,509,2025-10-30T21:44:30.852347
jenkins_dependency_error_225,/Users/mac/projects/Thesis/ai-logguard/data/synthetic_logs/logs/jenkins_dependency_error_225.txt,jenkins,dependency_error,225,2025-10-30T21:44:30.850040
github-actions_test_failure_41,/Users/mac/projects/Thesis/ai-logguard/data/synthetic_logs/logs/github-actions_test_failure_41.txt,github-actions,test_failure,41,2025-10-30T21:44:30.851627
github-actions_timeout_469,/Users/mac/projects/Thesis/ai-logguard/data/synthetic_logs/logs/github-actions_timeout_469.txt,github-actions,timeout,469,2025-10-30T21:44:30.852023
jenkins_dependency_error_970,/Users/mac/projects/Thesis/ai-logguard/data/synthetic_logs/logs/jenkins_dependency_error_970.txt,jenkins,dependency_error,970,2025-10-30T21:44:30.849699
github-actions_network_error_567,/Users/mac/projects/Thesis/ai-logguard/data/synthetic_logs/logs/github-actions_network_error_567.txt,github-actions,network_error,567,2025-10-30T21:44:30.852410
github-actions_environment_error_381,/Users/mac/projects/Thesis/ai-logguard/data/synthetic_logs/logs/github-actions_environment_error_381.txt,github-actions,environment_error,381,2025-10-30T21:44:30.852205
gitlab-ci_test_failure_934,/Users/mac/projects/Thesis/ai-logguard/data/synthetic_logs/logs/gitlab-ci_test_failure_934.txt,gitlab-ci,test_failure,934,2025-10-30T21:44:30.851595
github-actions_timeout_975,/Users/mac/projects/Thesis/ai-logguard/data/synthetic_logs/logs/github-actions_timeout_975.txt,github-actions,timeout,975,2025-10-30T21:44:30.852065
gitlab-ci_test_failure_247,/Users/mac/projects/Thesis/ai-logguard/data/synthetic_logs/logs/gitlab-ci_test_failure_247.txt,gitlab-ci,test_failure,247,2025-10-30T21:44:30.851064
github-actions_syntax_error_928,/Users/mac/projects/Thesis/ai-logguard/data/synthetic_logs/logs/github-actions_syntax_error_928.txt,github-actions,syntax_error,928,2025-10-30T21:44:30.851015
jenkins_environment_error_377,/Users/mac/projects/Thesis/ai-logguard/data/synthetic_logs/logs/jenkins_environment_error_377.txt,jenkins,environment_error,377,2025-10-30T21:44:30.852372
jenkins_timeout_469,/Users/mac/projects/Thesis/ai-logguard/data/synthetic_logs/logs/jenkins_timeout_469.txt,jenkins,timeout,469,2025-10-30T21:44:30.851861
gitlab-ci_dependency_error_162,/Users/mac/projects/Thesis/ai-logguard/data/synthetic_logs/logs/gitlab-ci_dependency_error_162.txt,gitlab-ci,dependency_error,162,2025-10-30T21:44:30.849673
jenkins_test_failure_689,/Users/mac/projects/Thesis/ai-logguard/data/synthetic_logs/logs/jenkins_test_failure_689.txt,jenkins,test_failure,689,2025-10-30T21:44:30.851292
github-actions_test_failure_613,/Users/mac/projects/Thesis/ai-logguard/data/synthetic_logs/logs/github-actions_test_failure_613.txt,github-actions,test_failure,613,2025-10-30T21:44:30.851571
gitlab-ci_permission_error_735,/Users/mac/projects/Thesis/ai-logguard/data/synthetic_logs/logs/gitlab-ci_permission_error_735.txt,gitlab-ci,permission_error,735,2025-10-30T21:44:30.852623
jenkins_permission_error_646,/Users/mac/projects/Thesis/ai-logguard/data/synthetic_logs/logs/jenkins_permission_error_646.txt,jenkins,permission_error,646,2025-10-30T21:44:30.852564
jenkins_test_failure_153,/Users/mac/projects/Thesis/ai-logguard/data/synthetic_logs/logs/jenkins_test_failure_153.txt,jenkins,test_failure,153,2025-10-30T21:44:30.851327
github-actions_environment_error_507,/Users/mac/projects/Thesis/ai-logguard/data/synthetic_logs/logs/github-actions_environment_error_507.txt,github-actions,environment_error,507,2025-10-30T21:44:30.852280
jenkins_syntax_error_30,/Users/mac/projects/Thesis/ai-logguard/data/synthetic_logs/logs/jenkins_syntax_error_30.txt,jenkins,syntax_error,30,2025-10-30T21:44:30.850678
jenkins_test_failure_794,/Users/mac/projects/Thesis/ai-logguard/data/synthetic_logs/logs/jenkins_test_failure_794.txt,jenkins,test_failure,794,2025-10-30T21:44:30.851159
github-actions_syntax_error_320,/Users/mac/projects/Thesis/ai-logguard/data/synthetic_logs/logs/github-actions_syntax_error_320.txt,github-actions,syntax_error,320,2025-10-30T21:44:30.850698
github-actions_test_failure_630,/Users/mac/projects/Thesis/ai-logguard/data/synthetic_logs/logs/github-actions_test_failure_630.txt,github-actions,test_failure,630,2025-10-30T21:44:30.851125
gitlab-ci_syntax_error_798,/Users/mac/projects/Thesis/ai-logguard/data/synthetic_logs/logs/gitlab-ci_syntax_error_798.txt,gitlab-ci,syntax_error,798,2025-10-30T21:44:30.850826
jenkins_environment_error_729,/Users/mac/projects/Thesis/ai-logguard/data/synthetic_logs/logs/jenkins_environment_error_729.txt,jenkins,environment_error,729,2025-10-30T21:44:30.852145
gitlab-ci_syntax_error_347,/Users/mac/projects/Thesis/ai-logguard/data/synthetic_logs/logs/gitlab-ci_syntax_error_347.txt,gitlab-ci,syntax_error,347,2025-10-30T21:44:30.850411
github-actions_timeout_238,/Users/mac/projects/Thesis/ai-logguard/data/synthetic_logs/logs/github-actions_timeout_238.txt,github-actions,timeout,238,2025-10-30T21:44:30.851995
gitlab-ci_environment_error_869,/Users/mac/projects/Thesis/ai-logguard/data/synthetic_logs/logs/gitlab-ci_environment_error_869.txt,gitlab-ci,environment_error,869,2025-10-30T21:44:30.852272
jenkins_syntax_error_468,/Users/mac/projects/Thesis/ai-logguard/data/synthetic_logs/logs/jenkins_syntax_error_468.txt,jenkins,syntax_error,468,2025-10-30T21:44:30.850462
gitlab-ci_permission_error_388,/Users/mac/projects/Thesis/ai-logguard/data/synthetic_logs/logs/gitlab-ci_permission_error_388.txt,gitlab-ci,permission_error,388,2025-10-30T21:44:30.852650
gitlab-ci_dependency_error_393,/Users/mac/projects/Thesis/ai-logguard/data/synthetic_logs/logs/gitlab-ci_dependency_error_393.txt,gitlab-ci,dependency_error,393,2025-10-30T21:44:30.850020
jenkins_permission_error_829,/Users/mac/projects/Thesis/ai-logguard/data/synthetic_logs/logs/jenkins_permission_error_829.txt,jenkins,permission_error,829,2025-10-30T21:44:30.852527
gitlab-ci_network_error_251,/Users/mac/projects/Thesis/ai-logguard/data/synthetic_logs/logs/gitlab-ci_network_error_251.txt,gitlab-ci,network_error,251,2025-10-30T21:44:30.852381
jenkins_dependency_error_164,/Users/mac/projects/Thesis/ai-logguard/data/synthetic_logs/logs/jenkins_dependency_error_164.txt,jenkins,dependency_error,164,2025-10-30T21:44:30.849895
gitlab-ci_dependency_error_594,/Users/mac/projects/Thesis/ai-logguard/data/synthetic_logs/logs/gitlab-ci_dependency_error_594.txt,gitlab-ci,dependency_error,594,2025-10-30T21:44:30.849792
github-actions_test_failure_918,/Users/mac/projects/Thesis/ai-logguard/data/synthetic_logs/logs/github-actions_test_failure_918.txt,github-actions,test_failure,918,2025-10-30T21:44:30.851393
github-actions_environment_error_393,/Users/mac/projects/Thesis/ai-logguard/data/synthetic_logs/logs/github-actions_environment_error_393.txt,github-actions,environment_error,393,2025-10-30T21:44:30.852231
gitlab-ci_dependency_error_186,/Users/mac/projects/Thesis/ai-logguard/data/synthetic_logs/logs/gitlab-ci_dependency_error_186.txt,gitlab-ci,dependency_error,186,2025-10-30T21:44:30.850297
jenkins_dependency_error_27,/Users/mac/projects/Thesis/ai-logguard/data/synthetic_logs/logs/jenkins_dependency_error_27.txt,jenkins,dependency_error,27,2025-10-30T21:44:30.850287
jenkins_dependency_error_245,/Users/mac/projects/Thesis/ai-logguard/data/synthetic_logs/logs/jenkins_dependency_error_245.txt,jenkins,dependency_error,245,2025-10-30T21:44:30.850080
gitlab-ci_environment_error_466,/Users/mac/projects/Thesis/ai-logguard/data/synthetic_logs/logs/gitlab-ci_environment_error_466.txt,gitlab-ci,environment_error,466,2025-10-30T21:44:30.852161
gitlab-ci_dependency_error_229,/Users/mac/projects/Thesis/ai-logguard/data/synthetic_logs/logs/gitlab-ci_dependency_error_229.txt,gitlab-ci,dependency_error,229,2025-10-30T21:44:30.849467
github-actions_environment_error_904,/Users/mac/projects/Thesis/ai-logguard/data/synthetic_logs/logs/github-actions_environment_error_904.txt,github-actions,environment_error,904,2025-10-30T21:44:30.852196
github-actions_dependency_error_963,/Users/mac/projects/Thesis/ai-logguard/data/synthetic_logs/logs/github-actions_dependency_error_963.txt,github-actions,dependency_error,963,2025-10-30T21:44:30.849950
jenkins_test_failure_38,/Users/mac/projects/Thesis/ai-logguard/data/synthetic_logs/logs/jenkins_test_failure_38.txt,jenkins,test_failure,38,2025-10-30T21:44:30.851089
gitlab-ci_timeout_702,/Users/mac/projects/Thesis/ai-logguard/data/synthetic_logs/logs/gitlab-ci_timeout_702.txt,gitlab-ci,timeout,702,2025-10-30T21:44:30.852075
gitlab-ci_dependency_error_56,/Users/mac/projects/Thesis/ai-logguard/data/synthetic_logs/logs/gitlab-ci_dependency_error_56.txt,gitlab-ci,dependency_error,56,2025-10-30T21:44:30.849751
jenkins_test_failure_249,/Users/mac/projects/Thesis/ai-logguard/data/synthetic_logs/logs/jenkins_test_failure_249.txt,jenkins,test_failure,249,2025-10-30T21:44:30.851616
github-actions_dependency_error_672,/Users/mac/projects/Thesis/ai-logguard/data/synthetic_logs/logs/github-actions_dependency_error_672.txt,github-actions,dependency_error,672,2025-10-30T21:44:30.849561
gitlab-ci_test_failure_477,/Users/mac/projects/Thesis/ai-logguard/data/synthetic_logs/logs/gitlab-ci_test_failure_477.txt,gitlab-ci,test_failure,477,2025-10-30T21:44:30.851483
gitlab-ci_dependency_error_781,/Users/mac/projects/Thesis/ai-logguard/data/synthetic_logs/logs/gitlab-ci_dependency_error_781.txt,gitlab-ci,dependency_error,781,2025-10-30T21:44:30.849688
github-actions_test_failure_403,/Users/mac/projects/Thesis/ai-logguard/data/synthetic_logs/logs/github-actions_test_failure_403.txt,github-actions,test_failure,403,2025-10-30T21:44:30.851550
gitlab-ci_dependency_error_958,/Users/mac/projects/Thesis/ai-logguard/data/synthetic_logs/logs/gitlab-ci_dependency_error_958.txt,gitlab-ci,dependency_error,958,2025-10-30T21:44:30.849812
gitlab-ci_timeout_557,/Users/mac/projects/Thesis/ai-logguard/data/synthetic_logs/logs/gitlab-ci_timeout_557.txt,gitlab-ci,timeout,557,2025-10-30T21:44:30.851926
github-actions_syntax_error_263,/Users/mac/projects/Thesis/ai-logguard/data/synthetic_logs/logs/github-actions_syntax_error_263.txt,github-actions,syntax_error,263,2025-10-30T21:44:30.850838
jenkins_dependency_error_285,/Users/mac/projects/Thesis/ai-logguard/data/synthetic_logs/logs/jenkins_dependency_error_285.txt,jenkins,dependency_error,285,2025-10-30T21:44:30.849500
jenkins_test_failure_671,/Users/mac/projects/Thesis/ai-logguard/data/synthetic_logs/logs/jenkins_test_failure_671.txt,jenkins,test_failure,671,2025-10-30T21:44:30.851673
gitlab-ci_timeout_13,/Users/mac/projects/Thesis/ai-logguard/data/synthetic_logs/logs/gitlab-ci_timeout_13.txt,gitlab-ci,timeout,13,2025-10-30T21:44:30.851836
jenkins_syntax_error_698,/Users/mac/projects/Thesis/ai-logguard/data/synthetic_logs/logs/jenkins_syntax_error_698.txt,jenkins,syntax_error,698,2025-10-30T21:44:30.850851
github-actions_syntax_error_391,/Users/mac/projects/Thesis/ai-logguard/data/synthetic_logs/logs/github-actions_syntax_error_391.txt,github-actions,syntax_error,391,2025-10-30T21:44:30.850627
gitlab-ci_permission_error_971,/Users/mac/projects/Thesis/ai-logguard/data/synthetic_logs/logs/gitlab-ci_permission_error_971.txt,gitlab-ci,permission_error,971,2025-10-30T21:44:30.852606
jenkins_dependency_error_870,/Users/mac/projects/Thesis/ai-logguard/data/synthetic_logs/logs/jenkins_dependency_error_870.txt,jenkins,dependency_error,870,2025-10-30T21:44:30.850110
gitlab-ci_syntax_error_348,/Users/mac/projects/Thesis/ai-logguard/data/synthetic_logs/logs/gitlab-ci_syntax_error_348.txt,gitlab-ci,syntax_error,348,2025-10-30T21:44:30.850637
jenkins_test_failure_655,/Users/mac/projects/Thesis/ai-logguard/data/synthetic_logs/logs/jenkins_test_failure_655.txt,jenkins,test_failure,655,2025-10-30T21:44:30.851239
github-actions_timeout_101,/Users/mac/projects/Thesis/ai-logguard/data/synthetic_logs/logs/github-actions_timeout_101.txt,github-actions,timeout,101,2025-10-30T21:44:30.851943
github-actions_timeout_322,/Users/mac/projects/Thesis/ai-logguard/data/synthetic_logs/logs/github-actions_timeout_322.txt,github-actions,timeout,322,2025-10-30T21:44:30.851881
jenkins_environment_error_385,/Users/mac/projects/Thesis/ai-logguard/data/synthetic_logs/logs/jenkins_environment_error_385.txt,jenkins,environment_error,385,2025-10-30T21:44:30.852153
gitlab-ci_timeout_690,/Users/mac/projects/Thesis/ai-logguard/data/synthetic_logs/logs/gitlab-ci_timeout_690.txt,gitlab-ci,timeout,690,2025-10-30T21:44:30.851908
github-actions_dependency_error_10,/Users/mac/projects/Thesis/ai-logguard/data/synthetic_logs/logs/github-actions_dependency_error_10.txt,github-actions,dependency_error,10,2025-10-30T21:44:30.849823
gitlab-ci_dependency_error_566,/Users/mac/projects/Thesis/ai-logguard/data/synthetic_logs/logs/gitlab-ci_dependency_error_566.txt,gitlab-ci,dependency_error,566,2025-10-30T21:44:30.850247
github-actions_timeout_475,/Users/mac/projects/Thesis/ai-logguard/data/synthetic_logs/logs/github-actions_timeout_475.txt,github-actions,timeout,475,2025-10-30T21:44:30.851952
gitlab-ci_environment_error_89,/Users/mac/projects/Thesis/ai-logguard/data/synthetic_logs/logs/gitlab-ci_environment_error_89.txt,gitlab-ci,environment_error,89,2025-10-30T21:44:30.852255
github-actions_syntax_error_647,/Users/mac/projects/Thesis/ai-logguard/data/synthetic_logs/logs/github-actions_syntax_error_647.txt,github-actions,syntax_error,647,2025-10-30T21:44:30.850422
jenkins_test_failure_331,/Users/mac/projects/Thesis/ai-logguard/data/synthetic_logs/logs/jenkins_test_failure_331.txt,jenkins,test_failure,331,2025-10-30T21:44:30.851217
github-actions_syntax_error_896,/Users/mac/projects/Thesis/ai-logguard/data/synthetic_logs/logs/github-actions_syntax_error_896.txt,github-actions,syntax_error,896,2025-10-30T21:44:30.850400
gitlab-ci_test_failure_36,/Users/mac/projects/Thesis/ai-logguard/data/synthetic_logs/logs/gitlab-ci_test_failure_36.txt,gitlab-ci,test_failure,36,2025-10-30T21:44:30.851135
gitlab-ci_timeout_286,/Users/mac/projects/Thesis/ai-logguard/data/synthetic_logs/logs/gitlab-ci_timeout_286.txt,gitlab-ci,timeout,286,2025-10-30T21:44:30.852014
gitlab-ci_dependency_error_678,/Users/mac/projects/Thesis/ai-logguard/data/synthetic_logs/logs/gitlab-ci_dependency_error_678.txt,gitlab-ci,dependency_error,678,2025-10-30T21:44:30.849526
jenkins_dependency_error_565,/Users/mac/projects/Thesis/ai-logguard/data/synthetic_logs/logs/jenkins_dependency_error_565.txt,jenkins,dependency_error,565,2025-10-30T21:44:30.850338
github-actions_syntax_error_69,/Users/mac/projects/Thesis/ai-logguard/data/synthetic_logs/logs/github-actions_syntax_error_69.txt,github-actions,syntax_error,69,2025-10-30T21:44:30.850647
gitlab-ci_timeout_631,/Users/mac/projects/Thesis/ai-logguard/data/synthetic_logs/logs/gitlab-ci_timeout_631.txt,gitlab-ci,timeout,631,2025-10-30T21:44:30.852118
gitlab-ci_dependency_error_931,/Users/mac/projects/Thesis/ai-logguard/data/synthetic_logs/logs/gitlab-ci_dependency_error_931.txt,gitlab-ci,dependency_error,931,2025-10-30T21:44:30.850267
gitlab-ci_syntax_error_125,/Users/mac/projects/Thesis/ai-logguard/data/synthetic_logs/logs/gitlab-ci_syntax_error_125.txt,gitlab-ci,syntax_error,125,2025-10-30T21:44:30.851024
github-actions_dependency_error_717,/Users/mac/projects/Thesis/ai-logguard/data/synthetic_logs/logs/github-actions_dependency_error_717.txt,github-actions,dependency_error,717,2025-10-30T21:44:30.850277
jenkins_dependency_error_569,/Users/mac/projects/Thesis/ai-logguard/data/synthetic_logs/logs/jenkins_dependency_error_569.txt,jenkins,dependency_error,569,2025-10-30T21:44:30.850155
jenkins_dependency_error_726,/Users/mac/projects/Thesis/ai-logguard/data/synthetic_logs/logs/jenkins_dependency_error_726.txt,jenkins,dependency_error,726,2025-10-30T21:44:30.850195
gitlab-ci_dependency_error_105,/Users/mac/projects/Thesis/ai-logguard/data/synthetic_logs/logs/gitlab-ci_dependency_error_105.txt,gitlab-ci,dependency_error,105,2025-10-30T21:44:30.850100
gitlab-ci_dependency_error_929,/Users/mac/projects/Thesis/ai-logguard/data/synthetic_logs/logs/gitlab-ci_dependency_error_929.txt,gitlab-ci,dependency_error,929,2025-10-30T21:44:30.850051
gitlab-ci_test_failure_510,/Users/mac/projects/Thesis/ai-logguard/data/synthetic_logs/logs/gitlab-ci_test_failure_510.txt,gitlab-ci,test_failure,510,2025-10-30T21:44:30.851280
gitlab-ci_timeout_174,/Users/mac/projects/Thesis/ai-logguard/data/synthetic_logs/logs/gitlab-ci_timeout_174.txt,gitlab-ci,timeout,174,2025-10-30T21:44:30.851844
github-actions_environment_error_978,/Users/mac/projects/Thesis/ai-logguard/data/synthetic_logs/logs/github-actions_environment_error_978.txt,github-actions,environment_error,978,2025-10-30T21:44:30.852297
github-actions_syntax_error_45,/Users/mac/projects/Thesis/ai-logguard/data/synthetic_logs/logs/github-actions_syntax_error_45.txt,github-actions,syntax_error,45,2025-10-30T21:44:30.850389
gitlab-ci_dependency_error_611,/Users/mac/projects/Thesis/ai-logguard/data/synthetic_logs/logs/gitlab-ci_dependency_error_611.txt,gitlab-ci,dependency_error,611,2025-10-30T21:44:30.849659
gitlab-ci_syntax_error_371,/Users/mac/projects/Thesis/ai-logguard/data/synthetic_logs/logs/gitlab-ci_syntax_error_371.txt,gitlab-ci,syntax_error,371,2025-10-30T21:44:30.850928
gitlab-ci_dependency_error_610,/Users/mac/projects/Thesis/ai-logguard/data/synthetic_logs/logs/gitlab-ci_dependency_error_610.txt,gitlab-ci,dependency_error,610,2025-10-30T21:44:30.849802
gitlab-ci_timeout_694,/Users/mac/projects/Thesis/ai-logguard/data/synthetic_logs/logs/gitlab-ci_timeout_694.txt,gitlab-ci,timeout,694,2025-10-30T21:44:30.851775
gitlab-ci_test_failure_785,/Users/mac/projects/Thesis/ai-logguard/data/synthetic_logs/logs/gitlab-ci_test_failure_785.txt,gitlab-ci,test_failure,785,2025-10-30T21:44:30.851539
jenkins_dependency_error_998,/Users/mac/projects/Thesis/ai-logguard/data/synthetic_logs/logs/jenkins_dependency_error_998.txt,jenkins,dependency_error,998,2025-10-30T21:44:30.849885
jenkins_dependency_error_451,/Users/mac/projects/Thesis/ai-logguard/data/synthetic_logs/logs/jenkins_dependency_error_451.txt,jenkins,dependency_error,451,2025-10-30T21:44:30.850011
github-actions_dependency_error_748,/Users/mac/projects/Thesis/ai-logguard/data/synthetic_logs/logs/github-actions_dependency_error_748.txt,github-actions,dependency_error,748,2025-10-30T21:44:30.849513
jenkins_syntax_error_783,/Users/mac/projects/Thesis/ai-logguard/data/synthetic_logs/logs/jenkins_syntax_error_783.txt,jenkins,syntax_error,783,2025-10-30T21:44:30.850729
github-actions_dependency_error_971,/Users/mac/projects/Thesis/ai-logguard/data/synthetic_logs/logs/github-actions_dependency_error_971.txt,github-actions,dependency_error,971,2025-10-30T21:44:30.850238
gitlab-ci_test_failure_773,/Users/mac/projects/Thesis/ai-logguard/data/synthetic_logs/logs/gitlab-ci_test_failure_773.txt,gitlab-ci,test_failure,773,2025-10-30T21:44:30.851605
gitlab-ci_dependency_error_566,/Users/mac/projects/Thesis/ai-logguard/data/synthetic_logs/logs/gitlab-ci_dependency_error_566.txt,gitlab-ci,dependency_error,566,2025-10-30T21:44:30.849872
jenkins_syntax_error_850,/Users/mac/projects/Thesis/ai-logguard/data/synthetic_logs/logs/jenkins_syntax_error_850.txt,jenkins,syntax_error,850,2025-10-30T21:44:30.850472
jenkins_syntax_error_792,/Users/mac/projects/Thesis/ai-logguard/data/synthetic_logs/logs/jenkins_syntax_error_792.txt,jenkins,syntax_error,792,2025-10-30T21:44:30.850364
github-actions_test_failure_829,/Users/mac/projects/Thesis/ai-logguard/data/synthetic_logs/logs/github-actions_test_failure_829.txt,github-actions,test_failure,829,2025-10-30T21:44:30.851449
jenkins_timeout_288,/Users/mac/projects/Thesis/ai-logguard/data/synthetic_logs/logs/jenkins_timeout_288.txt,jenkins,timeout,288,2025-10-30T21:44:30.851891
github-actions_timeout_566,/Users/mac/projects/Thesis/ai-logguard/data/synthetic_logs/logs/github-actions_timeout_566.txt,github-actions,timeout,566,2025-10-30T21:44:30.851739
github-actions_test_failure_393,/Users/mac/projects/Thesis/ai-logguard/data/synthetic_logs/logs/github-actions_test_failure_393.txt,github-actions,test_failure,393,2025-10-30T21:44:30.851472
jenkins_syntax_error_373,/Users/mac/projects/Thesis/ai-logguard/data/synthetic_logs/logs/jenkins_syntax_error_373.txt,jenkins,syntax_error,373,2025-10-30T21:44:30.850897
gitlab-ci_syntax_error_695,/Users/mac/projects/Thesis/ai-logguard/data/synthetic_logs/logs/gitlab-ci_syntax_error_695.txt,gitlab-ci,syntax_error,695,2025-10-30T21:44:30.850907
github-actions_timeout_804,/Users/mac/projects/Thesis/ai-logguard/data/synthetic_logs/logs/github-actions_timeout_804.txt,github-actions,timeout,804,2025-10-30T21:44:30.851970
gitlab-ci_test_failure_386,/Users/mac/projects/Thesis/ai-logguard/data/synthetic_logs/logs/gitlab-ci_test_failure_386.txt,gitlab-ci,test_failure,386,2025-10-30T21:44:30.851371
jenkins_dependency_error_949,/Users/mac/projects/Thesis/ai-logguard/data/synthetic_logs/logs/jenkins_dependency_error_949.txt,jenkins,dependency_error,949,2025-10-30T21:44:30.849771
github-actions_dependency_error_853,/Users/mac/projects/Thesis/ai-logguard/data/synthetic_logs/logs/github-actions_dependency_error_853.txt,github-actions,dependency_error,853,2025-10-30T21:44:30.850030
github-actions_test_failure_150,/Users/mac/projects/Thesis/ai-logguard/data/synthetic_logs/logs/github-actions_test_failure_150.txt,github-actions,test_failure,150,2025-10-30T21:44:30.851662
gitlab-ci_dependency_error_170,/Users/mac/projects/Thesis/ai-logguard/data/synthetic_logs/logs/gitlab-ci_dependency_error_170.txt,gitlab-ci,dependency_error,170,2025-10-30T21:44:30.849710
gitlab-ci_environment_error_986,/Users/mac/projects/Thesis/ai-logguard/data/synthetic_logs/logs/gitlab-ci_environment_error_986.txt,gitlab-ci,environment_error,986,2025-10-30T21:44:30.852137
jenkins_test_failure_877,/Users/mac/projects/Thesis/ai-logguard/data/synthetic_logs/logs/jenkins_test_failure_877.txt,jenkins,test_failure,877,2025-10-30T21:44:30.851460
github-actions_test_failure_939,/Users/mac/projects/Thesis/ai-logguard/data/synthetic_logs/logs/github-actions_test_failure_939.txt,github-actions,test_failure,939,2025-10-30T21:44:30.851684
github-actions_timeout_105,/Users/mac/projects/Thesis/ai-logguard/data/synthetic_logs/logs/github-actions_timeout_105.txt,github-actions,timeout,105,2025-10-30T21:44:30.852102
gitlab-ci_test_failure_572,/Users/mac/projects/Thesis/ai-logguard/data/synthetic_logs/logs/gitlab-ci_test_failure_572.txt,gitlab-ci,test_failure,572,2025-10-30T21:44:30.851316
github-actions_environment_error_811,/Users/mac/projects/Thesis/ai-logguard/data/synthetic_logs/logs/github-actions_environment_error_811.txt,github-actions,environment_error,811,2025-10-30T21:44:30.852263
github-actions_timeout_106,/Users/mac/projects/Thesis/ai-logguard/data/synthetic_logs/logs/github-actions_timeout_106.txt,github-actions,timeout,106,2025-10-30T21:44:30.851827
github-actions_network_error_919,/Users/mac/projects/Thesis/ai-logguard/data/synthetic_logs/logs/github-actions_network_error_919.txt,github-actions,network_error,919,2025-10-30T21:44:30.852446
github-actions_syntax_error_458,/Users/mac/projects/Thesis/ai-logguard/data/synthetic_logs/logs/github-actions_syntax_error_458.txt,github-actions,syntax_error,458,2025-10-30T21:44:30.850376
jenkins_syntax_error_860,/Users/mac/projects/Thesis/ai-logguard/data/synthetic_logs/logs/jenkins_syntax_error_860.txt,jenkins,syntax_error,860,2025-10-30T21:44:30.851005
jenkins_test_failure_830,/Users/mac/projects/Thesis/ai-logguard/data/synthetic_logs/logs/jenkins_test_failure_830.txt,jenkins,test_failure,830,2025-10-30T21:44:30.851170
github-actions_permission_error_931,/Users/mac/projects/Thesis/ai-logguard/data/synthetic_logs/logs/github-actions_permission_error_931.txt,github-actions,permission_error,931,2025-10-30T21:44:30.852546
gitlab-ci_test_failure_54,/Users/mac/projects/Thesis/ai-logguard/data/synthetic_logs/logs/gitlab-ci_test_failure_54.txt,gitlab-ci,test_failure,54,2025-10-30T21:44:30.851416
github-actions_syntax_error_455,/Users/mac/projects/Thesis/ai-logguard/data/synthetic_logs/logs/github-actions_syntax_error_455.txt,github-actions,syntax_error,455,2025-10-30T21:44:30.850554
github-actions_syntax_error_106,/Users/mac/projects/Thesis/ai-logguard/data/synthetic_logs/logs/github-actions_syntax_error_106.txt,github-actions,syntax_error,106,2025-10-30T21:44:30.850886
github-actions_network_error_992,/Users/mac/projects/Thesis/ai-logguard/data/synthetic_logs/logs/github-actions_network_error_992.txt,github-actions,network_error,992,2025-10-30T21:44:30.852499
jenkins_syntax_error_816,/Users/mac/projects/Thesis/ai-logguard/data/synthetic_logs/logs/jenkins_syntax_error_816.txt,jenkins,syntax_error,816,2025-10-30T21:44:30.850862
github-actions_test_failure_329,/Users/mac/projects/Thesis/ai-logguard/data/synthetic_logs/logs/github-actions_test_failure_329.txt,github-actions,test_failure,329,2025-10-30T21:44:30.851113
github-actions_test_failure_998,/Users/mac/projects/Thesis/ai-logguard/data/synthetic_logs/logs/github-actions_test_failure_998.txt,github-actions,test_failure,998,2025-10-30T21:44:30.851102
